ciudad,current,real_feal,air_quality,pollen,uv_index,precipitation,timestamp
"Guadalajara, Jalisco, Mexico Weather Conditions",70 °F,68°,51,moderate,0,Expect dry conditions for the next 6 hours.,2024-03-07 20:33:18
"Guadalajara, Jalisco, Mexico Weather Conditions",70 °F,68°,51,moderate,0,Expect dry conditions for the next 6 hours.,2024-03-07 20:35:44
"Guadalajara, Jalisco, Mexico Weather Conditions",70 °F,68°,51,moderate,0,Expect dry conditions for the next 6 hours.,2024-03-07 20:38:03
"Guadalajara, Jalisco, Mexico Weather Conditions",70 °F,68°,51,moderate,0,Expect dry conditions for the next 6 hours.,2024-03-07 20:40:23
"Guadalajara, Jalisco, Mexico Weather Conditions",65 °F,65°,52,HIGH,0,Expect dry conditions for the next 6 hours.,2024-03-07 22:41:05
"Guadalajara, Jalisco, Mexico Weather Conditions",65 °F,65°,52,HIGH,0,Expect dry conditions for the next 6 hours.,2024-03-07 22:43:25
"Guadalajara, Jalisco, Mexico Weather Conditions",65 °F,65°,52,HIGH,0,Expect dry conditions for the next 6 hours.,2024-03-07 22:45:42
"Guadalajara, Jalisco, Mexico Weather Conditions",65 °F,65°,52,HIGH,0,Expect dry conditions for the next 6 hours.,2024-03-07 22:48:00
"Guadalajara, Jalisco, Mexico Weather Conditions",65 °F,65°,52,HIGH,0,Expect dry conditions for the next 6 hours.,2024-03-07 22:50:19
"Guadalajara, Jalisco, Mexico Weather Conditions",65 °F,65°,52,HIGH,0,Expect dry conditions for the next 6 hours.,2024-03-07 22:52:37
"Guadalajara, Jalisco, Mexico Weather Conditions",65 °F,65°,52,HIGH,0,Expect dry conditions for the next 6 hours.,2024-03-07 22:55:00
"Guadalajara, Jalisco, Mexico Weather Conditions",64 °F,64°,52,HIGH,0,Expect dry conditions for the next 6 hours.,2024-03-07 23:06:30
"Zapopan, Jalisco, Mexico Weather Conditions",65 °F,65°,52,moderate,0,Expect dry conditions for the next 6 hours.,2024-03-07 23:06:50
"Tlaquepaque, Jalisco, Mexico Weather Conditions",66 °F,66°,53,moderate,0,Expect dry conditions for the next 6 hours.,2024-03-07 23:07:08
"Tonalá, Jalisco, Mexico Weather Conditions",64 °F,64°,53,moderate,0,Expect dry conditions for the next 6 hours.,2024-03-07 23:07:29
"Tlajomulco de Zúñiga, Jalisco, Mexico Weather Conditions",64 °F,64°,52,moderate,0,Expect dry conditions for the next 6 hours.,2024-03-07 23:07:47
"Guadalajara, Jalisco, Mexico Weather Conditions",64 °F,64°,52,HIGH,0,Expect dry conditions for the next 6 hours.,2024-03-07 23:09:27
"Zapopan, Jalisco, Mexico Weather Conditions",65 °F,65°,52,moderate,0,Expect dry conditions for the next 6 hours.,2024-03-07 23:09:43
"Tlaquepaque, Jalisco, Mexico Weather Conditions",66 °F,66°,53,moderate,0,Expect dry conditions for the next 6 hours.,2024-03-07 23:10:03
"Tlajomulco de Zúñiga, Jalisco, Mexico Weather Conditions",64 °F,64°,52,moderate,0,Expect dry conditions for the next 6 hours.,2024-03-07 23:10:36
"Guadalajara, Jalisco, Mexico Weather Conditions",64 °F,64°,53,HIGH,0,Expect dry conditions for the next 6 hours.,2024-03-07 23:12:45
"Zapopan, Jalisco, Mexico Weather Conditions",65 °F,65°,52,moderate,0,Expect dry conditions for the next 6 hours.,2024-03-07 23:13:05
"Tlaquepaque, Jalisco, Mexico Weather Conditions",66 °F,66°,53,moderate,0,Expect dry conditions for the next 6 hours.,2024-03-07 23:13:28
"Tonalá, Jalisco, Mexico Weather Conditions",63 °F,63°,53,moderate,0,Expect dry conditions for the next 6 hours.,2024-03-07 23:13:53
"Tlajomulco de Zúñiga, Jalisco, Mexico Weather Conditions",64 °F,64°,52,moderate,0,Expect dry conditions for the next 6 hours.,2024-03-07 23:14:14
"Guadalajara, Jalisco, Mexico Weather Conditions",64 °F,64°,53,HIGH,0,Expect dry conditions for the next 6 hours.,2024-03-07 23:16:02
"Zapopan, Jalisco, Mexico Weather Conditions",65 °F,65°,52,moderate,0,Expect dry conditions for the next 6 hours.,2024-03-07 23:16:22
"Tlaquepaque, Jalisco, Mexico Weather Conditions",66 °F,66°,53,moderate,0,Expect dry conditions for the next 6 hours.,2024-03-07 23:16:47
"Tonalá, Jalisco, Mexico Weather Conditions",63 °F,63°,53,moderate,0,Expect dry conditions for the next 6 hours.,2024-03-07 23:17:13
"Tlajomulco de Zúñiga, Jalisco, Mexico Weather Conditions",64 °F,64°,52,moderate,0,Expect dry conditions for the next 6 hours.,2024-03-07 23:17:30
"Guadalajara, Jalisco, Mexico Weather Conditions",64 °F,64°,53,HIGH,0,Expect dry conditions for the next 6 hours.,2024-03-07 23:19:22
"Zapopan, Jalisco, Mexico Weather Conditions",65 °F,65°,52,moderate,0,Expect dry conditions for the next 6 hours.,2024-03-07 23:19:41
"Tlaquepaque, Jalisco, Mexico Weather Conditions",65 °F,65°,53,moderate,0,Expect dry conditions for the next 6 hours.,2024-03-07 23:20:07
"Tonalá, Jalisco, Mexico Weather Conditions",63 °F,63°,53,moderate,0,Expect dry conditions for the next 6 hours.,2024-03-07 23:20:34
"Tlajomulco de Zúñiga, Jalisco, Mexico Weather Conditions",64 °F,64°,52,moderate,0,Expect dry conditions for the next 6 hours.,2024-03-07 23:20:56
"Guadalajara, Jalisco, Mexico Weather Conditions",64 °F,64°,53,HIGH,0,Expect dry conditions for the next 6 hours.,2024-03-07 23:22:38
"Zapopan, Jalisco, Mexico Weather Conditions",65 °F,65°,52,moderate,0,Expect dry conditions for the next 6 hours.,2024-03-07 23:22:58
"Tlaquepaque, Jalisco, Mexico Weather Conditions",65 °F,65°,53,moderate,0,Expect dry conditions for the next 6 hours.,2024-03-07 23:23:33
"Tonalá, Jalisco, Mexico Weather Conditions",63 °F,63°,53,moderate,0,Expect dry conditions for the next 6 hours.,2024-03-07 23:23:52
"Tlajomulco de Zúñiga, Jalisco, Mexico Weather Conditions",64 °F,64°,52,moderate,0,Expect dry conditions for the next 6 hours.,2024-03-07 23:24:13
"Guadalajara, Jalisco, Mexico Weather Conditions",79 °F,77°,60,moderate,0,Expect dry conditions for the next 6 hours.,2024-03-16 20:16:38
"Guadalajara, Jalisco, Mexico Weather Conditions",79 °F,77°,60,moderate,0,Expect dry conditions for the next 6 hours.,2024-03-16 20:17:13
"Zapopan, Jalisco, Mexico Weather Conditions",79 °F,77°,59,moderate,0,Expect dry conditions for the next 6 hours.,2024-03-16 20:17:30
"Guadalajara, Jalisco, Mexico Weather Conditions",79 °F,77°,60,moderate,0,Expect dry conditions for the next 6 hours.,2024-03-16 20:18:01
"Zapopan, Jalisco, Mexico Weather Conditions",79 °F,77°,59,moderate,0,Expect dry conditions for the next 6 hours.,2024-03-16 20:18:24
"Guadalajara, Jalisco, Mexico Weather Conditions",79 °F,77°,60,moderate,0,Expect dry conditions for the next 6 hours.,2024-03-16 20:23:02
"Guadalajara, Jalisco, Mexico Weather Conditions",79 °F,77°,60,moderate,0,Expect dry conditions for the next 6 hours.,2024-03-16 20:29:13
"Guadalajara, Jalisco, Mexico Weather Conditions",79 °F,77°,60,moderate,0,Expect dry conditions for the next 6 hours.,2024-03-16 20:30:14
"Zapopan, Jalisco, Mexico Weather Conditions",79 °F,77°,59,moderate,0,Expect dry conditions for the next 6 hours.,2024-03-16 20:30:32
"Tlaquepaque, Jalisco, Mexico Weather Conditions",78 °F,76°,60,moderate,0,Expect dry conditions for the next 6 hours.,2024-03-16 20:30:50
"Tonalá, Jalisco, Mexico Weather Conditions",78 °F,78°,60,moderate,0,Expect dry conditions for the next 6 hours.,2024-03-16 20:31:08
"Tlajomulco de Zúñiga, Jalisco, Mexico Weather Conditions",76 °F,75°,56,moderate,0,Expect dry conditions for the next 6 hours.,2024-03-16 20:31:37
"Guadalajara, Jalisco, Mexico Weather Conditions",78 °F,76°,60,moderate,0,Expect dry conditions for the next 6 hours.,2024-03-16 20:39:14
"Zapopan, Jalisco, Mexico Weather Conditions",77 °F,76°,59,moderate,0,Expect dry conditions for the next 6 hours.,2024-03-16 20:39:31
"Tlaquepaque, Jalisco, Mexico Weather Conditions",77 °F,76°,60,moderate,0,Expect dry conditions for the next 6 hours.,2024-03-16 20:39:51
"Tonalá, Jalisco, Mexico Weather Conditions",76 °F,76°,60,moderate,0,Expect dry conditions for the next 6 hours.,2024-03-16 20:40:10
"Tlajomulco de Zúñiga, Jalisco, Mexico Weather Conditions",76 °F,75°,56,moderate,0,Expect dry conditions for the next 6 hours.,2024-03-16 20:40:28
"Guadalajara, Jalisco, ",78 °F,76°,60,moderate,0,Expect dry conditions for the next 6 hours.,2024-03-16 20:43:05
"Zapopan, Jalisco, ",77 °F,76°,59,moderate,0,Expect dry conditions for the next 6 hours.,2024-03-16 20:43:23
"Tlaquepaque, Jalisco, ",77 °F,76°,60,moderate,0,Expect dry conditions for the next 6 hours.,2024-03-16 20:43:43
"Tonalá, Jalisco, ",76 °F,76°,60,moderate,0,Expect dry conditions for the next 6 hours.,2024-03-16 20:43:58
"Tlajomulco de Zúñiga, Jalisco, ",76 °F,74°,56,moderate,0,Expect dry conditions for the next 6 hours.,2024-03-16 20:44:14
"Guadalajara, Jalisco, Mexico Weather Conditions",77 °F,75°,60,moderate,0,Expect dry conditions for the next 6 hours.,2024-03-16 20:49:39
"Zapopan, Jalisco, Mexico Weather Conditions",77 °F,76°,59,moderate,0,Expect dry conditions for the next 6 hours.,2024-03-16 20:50:14
"Tlaquepaque, Jalisco, Mexico Weather Conditions",76 °F,75°,60,moderate,0,Expect dry conditions for the next 6 hours.,2024-03-16 20:50:31
"Tonalá, Jalisco, Mexico Weather Conditions",76 °F,76°,60,moderate,0,Expect dry conditions for the next 6 hours.,2024-03-16 20:50:49
"Guadalajara, Jalisco",77 °F,75°,60,moderate,0,Expect dry conditions for the next 6 hours.,2024-03-16 20:54:50
"Zapopan, Jalisco, Mexico Weather Conditions",77 °F,76°,59,moderate,0,Expect dry conditions for the next 6 hours.,2024-03-16 20:55:12
"Tlaquepaque, Jalisco",76 °F,75°,60,moderate,0,Expect dry conditions for the next 6 hours.,2024-03-16 20:55:32
"Guadalajara, Jalisco",77 °F,75°,59,moderate,0,Expect dry conditions for the next 6 hours.,2024-03-16 21:00:26
"Zapopan, Jalisco",77 °F,76°,58,moderate,0,Expect dry conditions for the next 6 hours.,2024-03-16 21:01:00
"Tlaquepaque, Jalisco",76 °F,74°,59,moderate,0,Expect dry conditions for the next 6 hours.,2024-03-16 21:01:19
"Tonalá, Jalisco",75 °F,75°,59,moderate,0,Expect dry conditions for the next 6 hours.,2024-03-16 21:01:39
"Tlajomulco de Zúñiga, Jalisco",74 °F,73°,55,moderate,0,Expect dry conditions for the next 6 hours.,2024-03-16 21:01:58
"Guadalajara, Jalisco",74 °F,73°,59,moderate,0,Expect dry conditions for the next 6 hours.,2024-03-16 21:16:44
"Zapopan, Jalisco",75 °F,74°,59,moderate,0,Expect dry conditions for the next 6 hours.,2024-03-16 21:17:07
"Tlaquepaque, Jalisco",75 °F,73°,60,moderate,0,Expect dry conditions for the next 6 hours.,2024-03-16 21:17:26
"Tonalá, Jalisco",74 °F,74°,60,moderate,0,Expect dry conditions for the next 6 hours.,2024-03-16 21:17:47
"Guadalajara, Jalisco",74 °F,73°,59,moderate,0,Expect dry conditions for the next 6 hours.,2024-03-16 21:18:18
"Zapopan, Jalisco",75 °F,74°,59,moderate,0,Expect dry conditions for the next 6 hours.,2024-03-16 21:18:33
"Tlaquepaque, Jalisco",75 °F,73°,60,moderate,0,Expect dry conditions for the next 6 hours.,2024-03-16 21:18:48
"Tonalá, Jalisco",74 °F,74°,60,moderate,0,Expect dry conditions for the next 6 hours.,2024-03-16 21:19:01
"Tlajomulco de Zúñiga, Jalisco",73 °F,72°,56,moderate,0,Expect dry conditions for the next 6 hours.,2024-03-16 21:19:16
"Guadalajara, Jalisco",67 °F,67°,57,moderate,0,Expect dry conditions for the next 6 hours.,2024-03-17 01:36:37
"Zapopan, Jalisco",68 °F,68°,57,moderate,0,Expect dry conditions for the next 6 hours.,2024-03-17 01:36:56
"Tlaquepaque, Jalisco",64 °F,64°,57,moderate,0,Expect dry conditions for the next 6 hours.,2024-03-17 01:37:16
"Tonalá, Jalisco",64 °F,64°,58,moderate,0,Expect dry conditions for the next 6 hours.,2024-03-17 01:37:33
"Guadalajara, Jalisco",67 °F,67°,57,moderate,0,Expect dry conditions for the next 6 hours.,2024-03-17 01:41:07
"Zapopan, Jalisco",68 °F,68°,57,moderate,0,Expect dry conditions for the next 6 hours.,2024-03-17 01:41:26
"Tlaquepaque, Jalisco",64 °F,64°,57,moderate,0,Expect dry conditions for the next 6 hours.,2024-03-17 01:41:42
"Tonalá, Jalisco",64 °F,64°,58,moderate,0,Expect dry conditions for the next 6 hours.,2024-03-17 01:42:02
"Tlajomulco de Zúñiga, Jalisco",63 °F,63°,54,moderate,0,Expect dry conditions for the next 6 hours.,2024-03-17 01:42:20
"Guadalajara, Jalisco",67 °F,67°,57,moderate,0,Expect dry conditions for the next 6 hours.,2024-03-17 01:44:42
"Guadalajara, Jalisco",67 °F,67°,57,moderate,0,Expect dry conditions for the next 6 hours.,2024-03-17 01:51:11
"Zapopan, Jalisco",67 °F,67°,57,moderate,0,Expect dry conditions for the next 6 hours.,2024-03-17 01:51:29
"Guadalajara, Jalisco",67 °F,67°,57,moderate,0,Expect dry conditions for the next 6 hours.,2024-03-17 01:53:04
"Zapopan, Jalisco",67 °F,67°,57,moderate,0,Expect dry conditions for the next 6 hours.,2024-03-17 01:53:21
"Guadalajara, Jalisco",67 °F,67°,57,moderate,0,Expect dry conditions for the next 6 hours.,2024-03-17 01:58:21
"Zapopan, Jalisco",67 °F,67°,57,moderate,0,Expect dry conditions for the next 6 hours.,2024-03-17 01:58:39
"Guadalajara, Jalisco",66 °F,66°,57,moderate,0,Expect dry conditions for the next 6 hours.,2024-03-17 02:02:59
"Zapopan, Jalisco",67 °F,67°,57,moderate,0,Expect dry conditions for the next 6 hours.,2024-03-17 02:03:17
"Tlaquepaque, Jalisco",64 °F,64°,56,moderate,0,Expect dry conditions for the next 6 hours.,2024-03-17 02:03:35
"Tonalá, Jalisco",63 °F,63°,56,moderate,0,Expect dry conditions for the next 6 hours.,2024-03-17 02:03:52
"Tlajomulco de Zúñiga, Jalisco",63 °F,63°,52,moderate,0,Expect dry conditions for the next 6 hours.,2024-03-17 02:04:11
"Guadalajara, Jalisco",65 °F,65°,56,moderate,0,Expect dry conditions for the next 6 hours.,2024-03-17 02:38:01
"Zapopan, Jalisco",67 °F,67°,55,moderate,0,Expect dry conditions for the next 6 hours.,2024-03-17 02:38:19
"Tlaquepaque, Jalisco",62 °F,62°,56,moderate,0,Expect dry conditions for the next 6 hours.,2024-03-17 02:38:36
"Tonalá, Jalisco",59 °F,59°,56,moderate,0,Expect dry conditions for the next 6 hours.,2024-03-17 02:38:55
"Tlajomulco de Zúñiga, Jalisco",63 °F,63°,52,moderate,0,Expect dry conditions for the next 6 hours.,2024-03-17 02:39:14
"Guadalajara, Jalisco",78 °F,77°,52,moderate,11,Expect dry conditions for the next 6 hours.,2024-03-17 10:49:08
"Zapopan, Jalisco",78 °F,77°,52,moderate,11,Expect dry conditions for the next 6 hours.,2024-03-17 10:49:33
"Tlaquepaque, Jalisco",77 °F,75°,53,moderate,11,Expect dry conditions for the next 6 hours.,2024-03-17 10:49:58
"Tonalá, Jalisco",79 °F,79°,53,moderate,11,Expect dry conditions for the next 6 hours.,2024-03-17 10:50:29
"Tlajomulco de Zúñiga, Jalisco",78 °F,77°,48,moderate,11,Expect dry conditions for the next 6 hours.,2024-03-17 10:50:48
"Tlajomulco de Zúñiga, Jalisco",80 °F,78°,44,moderate,11,Expect dry conditions for the next 6 hours.,2024-03-17 11:01:41
"Tlajomulco de Zúñiga, Jalisco",80 °F,78°,44,moderate,11,Expect dry conditions for the next 6 hours.,2024-03-17 11:08:21
"Tlajomulco de Zúñiga, Jalisco",80 °F,79°,44,moderate,11,Expect dry conditions for the next 6 hours.,2024-03-17 11:13:45
"Tlajomulco de Zúñiga, Jalisco",80 °F,79°,44,moderate,11,Expect dry conditions for the next 6 hours.,2024-03-17 11:13:50
"Tlajomulco de Zúñiga, Jalisco",80 °F,79°,44,moderate,11,Expect dry conditions for the next 6 hours.,2024-03-17 11:13:54
"Tlajomulco de Zúñiga, Jalisco",80 °F,79°,44,moderate,11,Expect dry conditions for the next 6 hours.,2024-03-17 11:13:57
"Tlajomulco de Zúñiga, Jalisco",80 °F,79°,44,moderate,11,Expect dry conditions for the next 6 hours.,2024-03-17 11:14:02
,,,44,moderate,11,Expect dry conditions for the next 6 hours.,2024-03-17 11:28:21
"Guadalajara, Jalisco",82 °F,81°,51,moderate,11,Expect dry conditions for the next 6 hours.,2024-03-17 11:37:31
"Zapopan, Jalisco",80 °F,79°,48,moderate,11,Expect dry conditions for the next 6 hours.,2024-03-17 11:37:47
"Tlaquepaque, Jalisco",80 °F,79°,51,moderate,11,Expect dry conditions for the next 6 hours.,2024-03-17 11:37:59
"Tonalá, Jalisco",83 °F,83°,52,moderate,10,Expect dry conditions for the next 6 hours.,2024-03-17 11:38:11
"Tlajomulco de Zúñiga, Jalisco",83 °F,80°,44,moderate,11,Expect dry conditions for the next 6 hours.,2024-03-17 11:38:26
"Guadalajara, Jalisco",82 °F,81°,51,moderate,11,Expect dry conditions for the next 6 hours.,2024-03-17 11:42:53
"Zapopan, Jalisco",80 °F,79°,48,moderate,11,Expect dry conditions for the next 6 hours.,2024-03-17 11:43:10
"Tlaquepaque, Jalisco",81 °F,80°,51,moderate,11,Expect dry conditions for the next 6 hours.,2024-03-17 11:43:23
"Tonalá, Jalisco",83 °F,83°,52,moderate,10,Expect dry conditions for the next 6 hours.,2024-03-17 11:43:38
"Tlajomulco de Zúñiga, Jalisco",82 °F,80°,44,moderate,11,Expect dry conditions for the next 6 hours.,2024-03-17 11:44:00
"Guadalajara, Jalisco",82 °F,81°,51,moderate,11,Expect dry conditions for the next 6 hours.,2024-03-17 11:45:44
"Zapopan, Jalisco",80 °F,79°,48,moderate,11,Expect dry conditions for the next 6 hours.,2024-03-17 11:46:03
"Tlaquepaque, Jalisco",81 °F,80°,51,moderate,11,Expect dry conditions for the next 6 hours.,2024-03-17 11:46:16
"Tonalá, Jalisco",83 °F,83°,52,moderate,10,Expect dry conditions for the next 6 hours.,2024-03-17 11:46:37
"Tlajomulco de Zúñiga, Jalisco",83 °F,80°,44,moderate,11,Expect dry conditions for the next 6 hours.,2024-03-17 11:46:58
"Guadalajara, Jalisco",89 °F,85°,48,moderate,0,Expect dry conditions for the next 6 hours.,2024-03-17 15:57:59
"Guadalajara, Jalisco",89 °F,85°,48,moderate,0,Expect dry conditions for the next 6 hours.,2024-03-17 15:58:47
"Zapopan, Jalisco",85 °F,82°,45,moderate,0,Expect dry conditions for the next 6 hours.,2024-03-17 15:59:00
"Tlaquepaque, Jalisco",87 °F,84°,49,moderate,0,Expect dry conditions for the next 6 hours.,2024-03-17 15:59:16
"Tonalá, Jalisco",88 °F,88°,50,moderate,0,Expect dry conditions for the next 6 hours.,2024-03-17 15:59:29
"Tlajomulco de Zúñiga, Jalisco",90 °F,86°,41,moderate,0,Expect dry conditions for the next 6 hours.,2024-03-17 15:59:45
"Guadalajara, Jalisco",89 °F,85°,48,moderate,0,Expect dry conditions for the next 6 hours.,2024-03-17 16:00:49
"Zapopan, Jalisco",85 °F,82°,45,moderate,0,Expect dry conditions for the next 6 hours.,2024-03-17 16:01:00
"Tlaquepaque, Jalisco",87 °F,84°,49,moderate,0,Expect dry conditions for the next 6 hours.,2024-03-17 16:01:10
"Tonalá, Jalisco",88 °F,88°,50,moderate,0,Expect dry conditions for the next 6 hours.,2024-03-17 16:01:20
"Tlajomulco de Zúñiga, Jalisco",90 °F,86°,41,moderate,0,Expect dry conditions for the next 6 hours.,2024-03-17 16:01:30
"Guadalajara, Jalisco, Mexico Weather Conditions",89 °F,85°,48,moderate,0,Expect dry conditions for the next 6 hours.,2024-03-17 16:02:41
"Zapopan, Jalisco, Mexico Weather Conditions",85 °F,82°,45,moderate,0,Expect dry conditions for the next 6 hours.,2024-03-17 16:03:13
"Tlaquepaque, Jalisco, Mexico Weather Conditions",87 °F,84°,49,moderate,0,Expect dry conditions for the next 6 hours.,2024-03-17 16:03:29
"Tonalá, Jalisco, Mexico Weather Conditions",88 °F,88°,50,moderate,0,Expect dry conditions for the next 6 hours.,2024-03-17 16:03:43
"Tlajomulco de Zúñiga, Jalisco, Mexico Weather Conditions",90 °F,86°,41,moderate,0,Expect dry conditions for the next 6 hours.,2024-03-17 16:03:58
"Guadalajara, Jalisco",89 °F,85°,48,moderate,0,Expect dry conditions for the next 6 hours.,2024-03-17 16:16:10
"Zapopan, Jalisco",85 °F,82°,46,moderate,0,Expect dry conditions for the next 6 hours.,2024-03-17 16:16:41
"Guadalajara, Jalisco",66 °F,66°,51,moderate,0,Expect dry conditions for the next 6 hours.,2024-03-17 23:43:31
"Zapopan, Jalisco",70 °F,68°,48,moderate,0,Expect dry conditions for the next 6 hours.,2024-03-17 23:43:44
"Tlaquepaque, Jalisco",68 °F,68°,51,moderate,0,Expect dry conditions for the next 6 hours.,2024-03-17 23:43:55
"Tonalá, Jalisco",66 °F,66°,52,moderate,0,Expect dry conditions for the next 6 hours.,2024-03-17 23:44:10
"Tlajomulco de Zúñiga, Jalisco",65 °F,65°,43,moderate,0,Expect dry conditions for the next 6 hours.,2024-03-17 23:44:21
"Guadalajara, Jalisco",90 °F,90°,47,moderate,0,Expect dry conditions for the next 6 hours.,2024-03-18 15:24:52
"Zapopan, Jalisco",85 °F,82°,44,moderate,0,Expect dry conditions for the next 6 hours.,2024-03-18 15:25:05
"Tlaquepaque, Jalisco",87 °F,84°,48,moderate,0,Expect dry conditions for the next 6 hours.,2024-03-18 15:25:19
"Tonalá, Jalisco",90 °F,90°,49,moderate,0,Expect dry conditions for the next 6 hours.,2024-03-18 15:25:35
"Guadalajara, Jalisco",90 °F,90°,47,moderate,0,Expect dry conditions for the next 6 hours.,2024-03-18 15:27:36
"Zapopan, Jalisco",85 °F,82°,44,moderate,0,Expect dry conditions for the next 6 hours.,2024-03-18 15:27:46
"Tlaquepaque, Jalisco",88 °F,84°,48,moderate,0,Expect dry conditions for the next 6 hours.,2024-03-18 15:27:54
"Tonalá, Jalisco",90 °F,90°,49,moderate,0,Expect dry conditions for the next 6 hours.,2024-03-18 15:28:03
"Tlajomulco de Zúñiga, Jalisco",90 °F,86°,40,moderate,0,Expect dry conditions for the next 6 hours.,2024-03-18 15:28:12
"Guadalajara, Jalisco",91 °F,91°,47,moderate,0,Expect dry conditions for the next 6 hours.,2024-03-18 15:44:27
"Zapopan, Jalisco",85 °F,82°,44,moderate,0,Expect dry conditions for the next 6 hours.,2024-03-18 15:44:39
"Tlaquepaque, Jalisco",88 °F,84°,48,moderate,0,Expect dry conditions for the next 6 hours.,2024-03-18 15:44:54
"Tonalá, Jalisco",91 °F,91°,49,moderate,0,Expect dry conditions for the next 6 hours.,2024-03-18 15:45:08
"Tlajomulco de Zúñiga, Jalisco",91 °F,86°,40,moderate,0,Expect dry conditions for the next 6 hours.,2024-03-18 15:45:19
"Guadalajara, Jalisco",91 °F,91°,47,moderate,0,Expect dry conditions for the next 6 hours.,2024-03-18 15:47:17
"Zapopan, Jalisco",85 °F,82°,44,moderate,0,Expect dry conditions for the next 6 hours.,2024-03-18 15:47:26
"Tlaquepaque, Jalisco",88 °F,84°,48,moderate,0,Expect dry conditions for the next 6 hours.,2024-03-18 15:47:35
"Tonalá, Jalisco",91 °F,91°,49,moderate,0,Expect dry conditions for the next 6 hours.,2024-03-18 15:47:44
"Tlajomulco de Zúñiga, Jalisco",90 °F,86°,40,moderate,0,Expect dry conditions for the next 6 hours.,2024-03-18 15:47:52
